date_id,date_key,year,quarter,month_number,month_name,week_of_year,day_of_month,day_name,is_weekend,year_month
20160904,2016-09-04,2016,3,9,September,36,4,Sunday,Weekend,2016-09
20160905,2016-09-05,2016,3,9,September,36,5,Monday,Weekday,2016-09
20161002,2016-10-02,2016,4,10,October,40,2,Sunday,Weekend,2016-10
20161003,2016-10-03,2016,4,10,October,40,3,Monday,Weekday,2016-10
20161004,2016-10-04,2016,4,10,October,40,4,Tuesday,Weekday,2016-10
20161005,2016-10-05,2016,4,10,October,40,5,Wednesday,Weekday,2016-10
20161006,2016-10-06,2016,4,10,October,40,6,Thursday,Weekday,2016-10
20161007,2016-10-07,2016,4,10,October,40,7,Friday,Weekday,2016-10
20161008,2016-10-08,2016,4,10,October,40,8,Saturday,Weekend,2016-10
20161009,2016-10-09,2016,4,10,October,41,9,Sunday,Weekend,2016-10
20161010,2016-10-10,2016,4,10,October,41,10,Monday,Weekday,2016-10
20161223,2016-12-23,2016,4,12,December,51,23,Friday,Weekday,2016-12
20170105,2017-01-05,2017,1,1,January,1,5,Thursday,Weekday,2017-01
20170106,2017-01-06,2017,1,1,January,1,6,Friday,Weekday,2017-01
20170107,2017-01-07,2017,1,1,January,1,7,Saturday,Weekend,2017-01
20170108,2017-01-08,2017,1,1,January,2,8,Sunday,Weekend,2017-01
20170109,2017-01-09,2017,1,1,January,2,9,Monday,Weekday,2017-01
20170110,2017-01-10,2017,1,1,January,2,10,Tuesday,Weekday,2017-01
20170111,2017-01-11,2017,1,1,January,2,11,Wednesday,Weekday,2017-01
20170112,2017-01-12,2017,1,1,January,2,12,Thursday,Weekday,2017-01
20170113,2017-01-13,2017,1,1,January,2,13,Friday,Weekday,2017-01
20170114,2017-01-14,2017,1,1,January,2,14,Saturday,Weekend,2017-01
20170115,2017-01-15,2017,1,1,January,3,15,Sunday,Weekend,2017-01
20170116,2017-01-16,2017,1,1,January,3,16,Monday,Weekday,2017-01
20170117,2017-01-17,2017,1,1,January,3,17,Tuesday,Weekday,2017-01
20170118,2017-01-18,2017,1,1,January,3,18,Wednesday,Weekday,2017-01
20170119,2017-01-19,2017,1,1,January,3,19,Thursday,Weekday,2017-01
20170120,2017-01-20,2017,1,1,January,3,20,Friday,Weekday,2017-01
20170121,2017-01-21,2017,1,1,January,3,21,Saturday,Weekend,2017-01
20170122,2017-01-22,2017,1,1,January,4,22,Sunday,Weekend,2017-01
20170123,2017-01-23,2017,1,1,January,4,23,Monday,Weekday,2017-01
20170124,2017-01-24,2017,1,1,January,4,24,Tuesday,Weekday,2017-01
20170125,2017-01-25,2017,1,1,January,4,25,Wednesday,Weekday,2017-01
20170126,2017-01-26,2017,1,1,January,4,26,Thursday,Weekday,2017-01
20170127,2017-01-27,2017,1,1,January,4,27,Friday,Weekday,2017-01
20170128,2017-01-28,2017,1,1,January,4,28,Saturday,Weekend,2017-01
20170129,2017-01-29,2017,1,1,January,5,29,Sunday,Weekend,2017-01
20170130,2017-01-30,2017,1,1,January,5,30,Monday,Weekday,2017-01
20170131,2017-01-31,2017,1,1,January,5,31,Tuesday,Weekday,2017-01
20170201,2017-02-01,2017,1,2,February,5,1,Wednesday,Weekday,2017-02
20170202,2017-02-02,2017,1,2,February,5,2,Thursday,Weekday,2017-02
20170203,2017-02-03,2017,1,2,February,5,3,Friday,Weekday,2017-02
20170204,2017-02-04,2017,1,2,February,5,4,Saturday,Weekend,2017-02
20170205,2017-02-05,2017,1,2,February,6,5,Sunday,Weekend,2017-02
20170206,2017-02-06,2017,1,2,February,6,6,Monday,Weekday,2017-02
20170207,2017-02-07,2017,1,2,February,6,7,Tuesday,Weekday,2017-02
20170208,2017-02-08,2017,1,2,February,6,8,Wednesday,Weekday,2017-02
20170209,2017-02-09,2017,1,2,February,6,9,Thursday,Weekday,2017-02
20170210,2017-02-10,2017,1,2,February,6,10,Friday,Weekday,2017-02
20170211,2017-02-11,2017,1,2,February,6,11,Saturday,Weekend,2017-02
20170212,2017-02-12,2017,1,2,February,7,12,Sunday,Weekend,2017-02
20170213,2017-02-13,2017,1,2,February,7,13,Monday,Weekday,2017-02
20170214,2017-02-14,2017,1,2,February,7,14,Tuesday,Weekday,2017-02
20170215,2017-02-15,2017,1,2,February,7,15,Wednesday,Weekday,2017-02
20170216,2017-02-16,2017,1,2,February,7,16,Thursday,Weekday,2017-02
20170217,2017-02-17,2017,1,2,February,7,17,Friday,Weekday,2017-02
20170218,2017-02-18,2017,1,2,February,7,18,Saturday,Weekend,2017-02
20170219,2017-02-19,2017,1,2,February,8,19,Sunday,Weekend,2017-02
20170220,2017-02-20,2017,1,2,February,8,20,Monday,Weekday,2017-02
20170221,2017-02-21,2017,1,2,February,8,21,Tuesday,Weekday,2017-02
20170222,2017-02-22,2017,1,2,February,8,22,Wednesday,Weekday,2017-02
20170223,2017-02-23,2017,1,2,February,8,23,Thursday,Weekday,2017-02
20170224,2017-02-24,2017,1,2,February,8,24,Friday,Weekday,2017-02
20170225,2017-02-25,2017,1,2,February,8,25,Saturday,Weekend,2017-02
20170226,2017-02-26,2017,1,2,February,9,26,Sunday,Weekend,2017-02
20170227,2017-02-27,2017,1,2,February,9,27,Monday,Weekday,2017-02
20170228,2017-02-28,2017,1,2,February,9,28,Tuesday,Weekday,2017-02
20170301,2017-03-01,2017,1,3,March,9,1,Wednesday,Weekday,2017-03
20170302,2017-03-02,2017,1,3,March,9,2,Thursday,Weekday,2017-03
20170303,2017-03-03,2017,1,3,March,9,3,Friday,Weekday,2017-03
20170304,2017-03-04,2017,1,3,March,9,4,Saturday,Weekend,2017-03
20170305,2017-03-05,2017,1,3,March,10,5,Sunday,Weekend,2017-03
20170306,2017-03-06,2017,1,3,March,10,6,Monday,Weekday,2017-03
20170307,2017-03-07,2017,1,3,March,10,7,Tuesday,Weekday,2017-03
20170308,2017-03-08,2017,1,3,March,10,8,Wednesday,Weekday,2017-03
20170309,2017-03-09,2017,1,3,March,10,9,Thursday,Weekday,2017-03
20170310,2017-03-10,2017,1,3,March,10,10,Friday,Weekday,2017-03
20170311,2017-03-11,2017,1,3,March,10,11,Saturday,Weekend,2017-03
20170312,2017-03-12,2017,1,3,March,11,12,Sunday,Weekend,2017-03
20170313,2017-03-13,2017,1,3,March,11,13,Monday,Weekday,2017-03
20170314,2017-03-14,2017,1,3,March,11,14,Tuesday,Weekday,2017-03
20170315,2017-03-15,2017,1,3,March,11,15,Wednesday,Weekday,2017-03
20170316,2017-03-16,2017,1,3,March,11,16,Thursday,Weekday,2017-03
20170317,2017-03-17,2017,1,3,March,11,17,Friday,Weekday,2017-03
20170318,2017-03-18,2017,1,3,March,11,18,Saturday,Weekend,2017-03
20170319,2017-03-19,2017,1,3,March,12,19,Sunday,Weekend,2017-03
20170320,2017-03-20,2017,1,3,March,12,20,Monday,Weekday,2017-03
20170321,2017-03-21,2017,1,3,March,12,21,Tuesday,Weekday,2017-03
20170322,2017-03-22,2017,1,3,March,12,22,Wednesday,Weekday,2017-03
20170323,2017-03-23,2017,1,3,March,12,23,Thursday,Weekday,2017-03
20170324,2017-03-24,2017,1,3,March,12,24,Friday,Weekday,2017-03
20170325,2017-03-25,2017,1,3,March,12,25,Saturday,Weekend,2017-03
20170326,2017-03-26,2017,1,3,March,13,26,Sunday,Weekend,2017-03
20170327,2017-03-27,2017,1,3,March,13,27,Monday,Weekday,2017-03
20170328,2017-03-28,2017,1,3,March,13,28,Tuesday,Weekday,2017-03
20170329,2017-03-29,2017,1,3,March,13,29,Wednesday,Weekday,2017-03
20170330,2017-03-30,2017,1,3,March,13,30,Thursday,Weekday,2017-03
20170331,2017-03-31,2017,1,3,March,13,31,Friday,Weekday,2017-03
20170401,2017-04-01,2017,2,4,April,13,1,Saturday,Weekend,2017-04
20170402,2017-04-02,2017,2,4,April,14,2,Sunday,Weekend,2017-04
20170403,2017-04-03,2017,2,4,April,14,3,Monday,Weekday,2017-04
20170404,2017-04-04,2017,2,4,April,14,4,Tuesday,Weekday,2017-04
20170405,2017-04-05,2017,2,4,April,14,5,Wednesday,Weekday,2017-04
20170406,2017-04-06,2017,2,4,April,14,6,Thursday,Weekday,2017-04
20170407,2017-04-07,2017,2,4,April,14,7,Friday,Weekday,2017-04
20170408,2017-04-08,2017,2,4,April,14,8,Saturday,Weekend,2017-04
20170409,2017-04-09,2017,2,4,April,15,9,Sunday,Weekend,2017-04
20170410,2017-04-10,2017,2,4,April,15,10,Monday,Weekday,2017-04
20170411,2017-04-11,2017,2,4,April,15,11,Tuesday,Weekday,2017-04
20170412,2017-04-12,2017,2,4,April,15,12,Wednesday,Weekday,2017-04
20170413,2017-04-13,2017,2,4,April,15,13,Thursday,Weekday,2017-04
20170414,2017-04-14,2017,2,4,April,15,14,Friday,Weekday,2017-04
20170415,2017-04-15,2017,2,4,April,15,15,Saturday,Weekend,2017-04
20170416,2017-04-16,2017,2,4,April,16,16,Sunday,Weekend,2017-04
20170417,2017-04-17,2017,2,4,April,16,17,Monday,Weekday,2017-04
20170418,2017-04-18,2017,2,4,April,16,18,Tuesday,Weekday,2017-04
20170419,2017-04-19,2017,2,4,April,16,19,Wednesday,Weekday,2017-04
20170420,2017-04-20,2017,2,4,April,16,20,Thursday,Weekday,2017-04
20170421,2017-04-21,2017,2,4,April,16,21,Friday,Weekday,2017-04
20170422,2017-04-22,2017,2,4,April,16,22,Saturday,Weekend,2017-04
20170423,2017-04-23,2017,2,4,April,17,23,Sunday,Weekend,2017-04
20170424,2017-04-24,2017,2,4,April,17,24,Monday,Weekday,2017-04
20170425,2017-04-25,2017,2,4,April,17,25,Tuesday,Weekday,2017-04
20170426,2017-04-26,2017,2,4,April,17,26,Wednesday,Weekday,2017-04
20170427,2017-04-27,2017,2,4,April,17,27,Thursday,Weekday,2017-04
20170428,2017-04-28,2017,2,4,April,17,28,Friday,Weekday,2017-04
20170429,2017-04-29,2017,2,4,April,17,29,Saturday,Weekend,2017-04
20170430,2017-04-30,2017,2,4,April,18,30,Sunday,Weekend,2017-04
20170501,2017-05-01,2017,2,5,May,18,1,Monday,Weekday,2017-05
20170502,2017-05-02,2017,2,5,May,18,2,Tuesday,Weekday,2017-05
20170503,2017-05-03,2017,2,5,May,18,3,Wednesday,Weekday,2017-05
20170504,2017-05-04,2017,2,5,May,18,4,Thursday,Weekday,2017-05
20170505,2017-05-05,2017,2,5,May,18,5,Friday,Weekday,2017-05
20170506,2017-05-06,2017,2,5,May,18,6,Saturday,Weekend,2017-05
20170507,2017-05-07,2017,2,5,May,19,7,Sunday,Weekend,2017-05
20170508,2017-05-08,2017,2,5,May,19,8,Monday,Weekday,2017-05
20170509,2017-05-09,2017,2,5,May,19,9,Tuesday,Weekday,2017-05
20170510,2017-05-10,2017,2,5,May,19,10,Wednesday,Weekday,2017-05
20170511,2017-05-11,2017,2,5,May,19,11,Thursday,Weekday,2017-05
20170512,2017-05-12,2017,2,5,May,19,12,Friday,Weekday,2017-05
20170513,2017-05-13,2017,2,5,May,19,13,Saturday,Weekend,2017-05
20170514,2017-05-14,2017,2,5,May,20,14,Sunday,Weekend,2017-05
20170515,2017-05-15,2017,2,5,May,20,15,Monday,Weekday,2017-05
20170516,2017-05-16,2017,2,5,May,20,16,Tuesday,Weekday,2017-05
20170517,2017-05-17,2017,2,5,May,20,17,Wednesday,Weekday,2017-05
20170518,2017-05-18,2017,2,5,May,20,18,Thursday,Weekday,2017-05
20170519,2017-05-19,2017,2,5,May,20,19,Friday,Weekday,2017-05
20170520,2017-05-20,2017,2,5,May,20,20,Saturday,Weekend,2017-05
20170521,2017-05-21,2017,2,5,May,21,21,Sunday,Weekend,2017-05
20170522,2017-05-22,2017,2,5,May,21,22,Monday,Weekday,2017-05
20170523,2017-05-23,2017,2,5,May,21,23,Tuesday,Weekday,2017-05
20170524,2017-05-24,2017,2,5,May,21,24,Wednesday,Weekday,2017-05
20170525,2017-05-25,2017,2,5,May,21,25,Thursday,Weekday,2017-05
20170526,2017-05-26,2017,2,5,May,21,26,Friday,Weekday,2017-05
20170527,2017-05-27,2017,2,5,May,21,27,Saturday,Weekend,2017-05
20170528,2017-05-28,2017,2,5,May,22,28,Sunday,Weekend,2017-05
20170529,2017-05-29,2017,2,5,May,22,29,Monday,Weekday,2017-05
20170530,2017-05-30,2017,2,5,May,22,30,Tuesday,Weekday,2017-05
20170531,2017-05-31,2017,2,5,May,22,31,Wednesday,Weekday,2017-05
20170601,2017-06-01,2017,2,6,June,22,1,Thursday,Weekday,2017-06
20170602,2017-06-02,2017,2,6,June,22,2,Friday,Weekday,2017-06
20170603,2017-06-03,2017,2,6,June,22,3,Saturday,Weekend,2017-06
20170604,2017-06-04,2017,2,6,June,23,4,Sunday,Weekend,2017-06
20170605,2017-06-05,2017,2,6,June,23,5,Monday,Weekday,2017-06
20170606,2017-06-06,2017,2,6,June,23,6,Tuesday,Weekday,2017-06
20170607,2017-06-07,2017,2,6,June,23,7,Wednesday,Weekday,2017-06
20170608,2017-06-08,2017,2,6,June,23,8,Thursday,Weekday,2017-06
20170609,2017-06-09,2017,2,6,June,23,9,Friday,Weekday,2017-06
20170610,2017-06-10,2017,2,6,June,23,10,Saturday,Weekend,2017-06
20170611,2017-06-11,2017,2,6,June,24,11,Sunday,Weekend,2017-06
20170612,2017-06-12,2017,2,6,June,24,12,Monday,Weekday,2017-06
20170613,2017-06-13,2017,2,6,June,24,13,Tuesday,Weekday,2017-06
20170614,2017-06-14,2017,2,6,June,24,14,Wednesday,Weekday,2017-06
20170615,2017-06-15,2017,2,6,June,24,15,Thursday,Weekday,2017-06
20170616,2017-06-16,2017,2,6,June,24,16,Friday,Weekday,2017-06
20170617,2017-06-17,2017,2,6,June,24,17,Saturday,Weekend,2017-06
20170618,2017-06-18,2017,2,6,June,25,18,Sunday,Weekend,2017-06
20170619,2017-06-19,2017,2,6,June,25,19,Monday,Weekday,2017-06
20170620,2017-06-20,2017,2,6,June,25,20,Tuesday,Weekday,2017-06
20170621,2017-06-21,2017,2,6,June,25,21,Wednesday,Weekday,2017-06
20170622,2017-06-22,2017,2,6,June,25,22,Thursday,Weekday,2017-06
20170623,2017-06-23,2017,2,6,June,25,23,Friday,Weekday,2017-06
20170624,2017-06-24,2017,2,6,June,25,24,Saturday,Weekend,2017-06
20170625,2017-06-25,2017,2,6,June,26,25,Sunday,Weekend,2017-06
20170626,2017-06-26,2017,2,6,June,26,26,Monday,Weekday,2017-06
20170627,2017-06-27,2017,2,6,June,26,27,Tuesday,Weekday,2017-06
20170628,2017-06-28,2017,2,6,June,26,28,Wednesday,Weekday,2017-06
20170629,2017-06-29,2017,2,6,June,26,29,Thursday,Weekday,2017-06
20170630,2017-06-30,2017,2,6,June,26,30,Friday,Weekday,2017-06
20170701,2017-07-01,2017,3,7,July,26,1,Saturday,Weekend,2017-07
20170702,2017-07-02,2017,3,7,July,27,2,Sunday,Weekend,2017-07
20170703,2017-07-03,2017,3,7,July,27,3,Monday,Weekday,2017-07
20170704,2017-07-04,2017,3,7,July,27,4,Tuesday,Weekday,2017-07
20170705,2017-07-05,2017,3,7,July,27,5,Wednesday,Weekday,2017-07
20170706,2017-07-06,2017,3,7,July,27,6,Thursday,Weekday,2017-07
20170707,2017-07-07,2017,3,7,July,27,7,Friday,Weekday,2017-07
20170708,2017-07-08,2017,3,7,July,27,8,Saturday,Weekend,2017-07
20170709,2017-07-09,2017,3,7,July,28,9,Sunday,Weekend,2017-07
20170710,2017-07-10,2017,3,7,July,28,10,Monday,Weekday,2017-07
20170711,2017-07-11,2017,3,7,July,28,11,Tuesday,Weekday,2017-07
20170712,2017-07-12,2017,3,7,July,28,12,Wednesday,Weekday,2017-07
20170713,2017-07-13,2017,3,7,July,28,13,Thursday,Weekday,2017-07
20170714,2017-07-14,2017,3,7,July,28,14,Friday,Weekday,2017-07
20170715,2017-07-15,2017,3,7,July,28,15,Saturday,Weekend,2017-07
20170716,2017-07-16,2017,3,7,July,29,16,Sunday,Weekend,2017-07
20170717,2017-07-17,2017,3,7,July,29,17,Monday,Weekday,2017-07
20170718,2017-07-18,2017,3,7,July,29,18,Tuesday,Weekday,2017-07
20170719,2017-07-19,2017,3,7,July,29,19,Wednesday,Weekday,2017-07
20170720,2017-07-20,2017,3,7,July,29,20,Thursday,Weekday,2017-07
20170721,2017-07-21,2017,3,7,July,29,21,Friday,Weekday,2017-07
20170722,2017-07-22,2017,3,7,July,29,22,Saturday,Weekend,2017-07
20170723,2017-07-23,2017,3,7,July,30,23,Sunday,Weekend,2017-07
20170724,2017-07-24,2017,3,7,July,30,24,Monday,Weekday,2017-07
20170725,2017-07-25,2017,3,7,July,30,25,Tuesday,Weekday,2017-07
20170726,2017-07-26,2017,3,7,July,30,26,Wednesday,Weekday,2017-07
20170727,2017-07-27,2017,3,7,July,30,27,Thursday,Weekday,2017-07
20170728,2017-07-28,2017,3,7,July,30,28,Friday,Weekday,2017-07
20170729,2017-07-29,2017,3,7,July,30,29,Saturday,Weekend,2017-07
20170730,2017-07-30,2017,3,7,July,31,30,Sunday,Weekend,2017-07
20170731,2017-07-31,2017,3,7,July,31,31,Monday,Weekday,2017-07
20170801,2017-08-01,2017,3,8,August,31,1,Tuesday,Weekday,2017-08
20170802,2017-08-02,2017,3,8,August,31,2,Wednesday,Weekday,2017-08
20170803,2017-08-03,2017,3,8,August,31,3,Thursday,Weekday,2017-08
20170804,2017-08-04,2017,3,8,August,31,4,Friday,Weekday,2017-08
20170805,2017-08-05,2017,3,8,August,31,5,Saturday,Weekend,2017-08
20170806,2017-08-06,2017,3,8,August,32,6,Sunday,Weekend,2017-08
20170807,2017-08-07,2017,3,8,August,32,7,Monday,Weekday,2017-08
20170808,2017-08-08,2017,3,8,August,32,8,Tuesday,Weekday,2017-08
20170809,2017-08-09,2017,3,8,August,32,9,Wednesday,Weekday,2017-08
20170810,2017-08-10,2017,3,8,August,32,10,Thursday,Weekday,2017-08
20170811,2017-08-11,2017,3,8,August,32,11,Friday,Weekday,2017-08
20170812,2017-08-12,2017,3,8,August,32,12,Saturday,Weekend,2017-08
20170813,2017-08-13,2017,3,8,August,33,13,Sunday,Weekend,2017-08
20170814,2017-08-14,2017,3,8,August,33,14,Monday,Weekday,2017-08
20170815,2017-08-15,2017,3,8,August,33,15,Tuesday,Weekday,2017-08
20170816,2017-08-16,2017,3,8,August,33,16,Wednesday,Weekday,2017-08
20170817,2017-08-17,2017,3,8,August,33,17,Thursday,Weekday,2017-08
20170818,2017-08-18,2017,3,8,August,33,18,Friday,Weekday,2017-08
20170819,2017-08-19,2017,3,8,August,33,19,Saturday,Weekend,2017-08
20170820,2017-08-20,2017,3,8,August,34,20,Sunday,Weekend,2017-08
20170821,2017-08-21,2017,3,8,August,34,21,Monday,Weekday,2017-08
20170822,2017-08-22,2017,3,8,August,34,22,Tuesday,Weekday,2017-08
20170823,2017-08-23,2017,3,8,August,34,23,Wednesday,Weekday,2017-08
20170824,2017-08-24,2017,3,8,August,34,24,Thursday,Weekday,2017-08
20170825,2017-08-25,2017,3,8,August,34,25,Friday,Weekday,2017-08
20170826,2017-08-26,2017,3,8,August,34,26,Saturday,Weekend,2017-08
20170827,2017-08-27,2017,3,8,August,35,27,Sunday,Weekend,2017-08
20170828,2017-08-28,2017,3,8,August,35,28,Monday,Weekday,2017-08
20170829,2017-08-29,2017,3,8,August,35,29,Tuesday,Weekday,2017-08
20170830,2017-08-30,2017,3,8,August,35,30,Wednesday,Weekday,2017-08
20170831,2017-08-31,2017,3,8,August,35,31,Thursday,Weekday,2017-08
20170901,2017-09-01,2017,3,9,September,35,1,Friday,Weekday,2017-09
20170902,2017-09-02,2017,3,9,September,35,2,Saturday,Weekend,2017-09
20170903,2017-09-03,2017,3,9,September,36,3,Sunday,Weekend,2017-09
20170904,2017-09-04,2017,3,9,September,36,4,Monday,Weekday,2017-09
20170905,2017-09-05,2017,3,9,September,36,5,Tuesday,Weekday,2017-09
20170906,2017-09-06,2017,3,9,September,36,6,Wednesday,Weekday,2017-09
20170907,2017-09-07,2017,3,9,September,36,7,Thursday,Weekday,2017-09
20170908,2017-09-08,2017,3,9,September,36,8,Friday,Weekday,2017-09
20170909,2017-09-09,2017,3,9,September,36,9,Saturday,Weekend,2017-09
20170910,2017-09-10,2017,3,9,September,37,10,Sunday,Weekend,2017-09
20170911,2017-09-11,2017,3,9,September,37,11,Monday,Weekday,2017-09
20170912,2017-09-12,2017,3,9,September,37,12,Tuesday,Weekday,2017-09
20170913,2017-09-13,2017,3,9,September,37,13,Wednesday,Weekday,2017-09
20170914,2017-09-14,2017,3,9,September,37,14,Thursday,Weekday,2017-09
20170915,2017-09-15,2017,3,9,September,37,15,Friday,Weekday,2017-09
20170916,2017-09-16,2017,3,9,September,37,16,Saturday,Weekend,2017-09
20170917,2017-09-17,2017,3,9,September,38,17,Sunday,Weekend,2017-09
20170918,2017-09-18,2017,3,9,September,38,18,Monday,Weekday,2017-09
20170919,2017-09-19,2017,3,9,September,38,19,Tuesday,Weekday,2017-09
20170920,2017-09-20,2017,3,9,September,38,20,Wednesday,Weekday,2017-09
20170921,2017-09-21,2017,3,9,September,38,21,Thursday,Weekday,2017-09
20170922,2017-09-22,2017,3,9,September,38,22,Friday,Weekday,2017-09
20170923,2017-09-23,2017,3,9,September,38,23,Saturday,Weekend,2017-09
20170924,2017-09-24,2017,3,9,September,39,24,Sunday,Weekend,2017-09
20170925,2017-09-25,2017,3,9,September,39,25,Monday,Weekday,2017-09
20170926,2017-09-26,2017,3,9,September,39,26,Tuesday,Weekday,2017-09
20170927,2017-09-27,2017,3,9,September,39,27,Wednesday,Weekday,2017-09
20170928,2017-09-28,2017,3,9,September,39,28,Thursday,Weekday,2017-09
20170929,2017-09-29,2017,3,9,September,39,29,Friday,Weekday,2017-09
20170930,2017-09-30,2017,3,9,September,39,30,Saturday,Weekend,2017-09
20171001,2017-10-01,2017,4,10,October,40,1,Sunday,Weekend,2017-10
20171002,2017-10-02,2017,4,10,October,40,2,Monday,Weekday,2017-10
20171003,2017-10-03,2017,4,10,October,40,3,Tuesday,Weekday,2017-10
20171004,2017-10-04,2017,4,10,October,40,4,Wednesday,Weekday,2017-10
20171005,2017-10-05,2017,4,10,October,40,5,Thursday,Weekday,2017-10
20171006,2017-10-06,2017,4,10,October,40,6,Friday,Weekday,2017-10
20171007,2017-10-07,2017,4,10,October,40,7,Saturday,Weekend,2017-10
20171008,2017-10-08,2017,4,10,October,41,8,Sunday,Weekend,2017-10
20171009,2017-10-09,2017,4,10,October,41,9,Monday,Weekday,2017-10
20171010,2017-10-10,2017,4,10,October,41,10,Tuesday,Weekday,2017-10
20171011,2017-10-11,2017,4,10,October,41,11,Wednesday,Weekday,2017-10
20171012,2017-10-12,2017,4,10,October,41,12,Thursday,Weekday,2017-10
20171013,2017-10-13,2017,4,10,October,41,13,Friday,Weekday,2017-10
20171014,2017-10-14,2017,4,10,October,41,14,Saturday,Weekend,2017-10
20171015,2017-10-15,2017,4,10,October,42,15,Sunday,Weekend,2017-10
20171016,2017-10-16,2017,4,10,October,42,16,Monday,Weekday,2017-10
20171017,2017-10-17,2017,4,10,October,42,17,Tuesday,Weekday,2017-10
20171018,2017-10-18,2017,4,10,October,42,18,Wednesday,Weekday,2017-10
20171019,2017-10-19,2017,4,10,October,42,19,Thursday,Weekday,2017-10
20171020,2017-10-20,2017,4,10,October,42,20,Friday,Weekday,2017-10
20171021,2017-10-21,2017,4,10,October,42,21,Saturday,Weekend,2017-10
20171022,2017-10-22,2017,4,10,October,43,22,Sunday,Weekend,2017-10
20171023,2017-10-23,2017,4,10,October,43,23,Monday,Weekday,2017-10
20171024,2017-10-24,2017,4,10,October,43,24,Tuesday,Weekday,2017-10
20171025,2017-10-25,2017,4,10,October,43,25,Wednesday,Weekday,2017-10
20171026,2017-10-26,2017,4,10,October,43,26,Thursday,Weekday,2017-10
20171027,2017-10-27,2017,4,10,October,43,27,Friday,Weekday,2017-10
20171028,2017-10-28,2017,4,10,October,43,28,Saturday,Weekend,2017-10
20171029,2017-10-29,2017,4,10,October,44,29,Sunday,Weekend,2017-10
20171030,2017-10-30,2017,4,10,October,44,30,Monday,Weekday,2017-10
20171031,2017-10-31,2017,4,10,October,44,31,Tuesday,Weekday,2017-10
20171101,2017-11-01,2017,4,11,November,44,1,Wednesday,Weekday,2017-11
20171102,2017-11-02,2017,4,11,November,44,2,Thursday,Weekday,2017-11
20171103,2017-11-03,2017,4,11,November,44,3,Friday,Weekday,2017-11
20171104,2017-11-04,2017,4,11,November,44,4,Saturday,Weekend,2017-11
20171105,2017-11-05,2017,4,11,November,45,5,Sunday,Weekend,2017-11
20171106,2017-11-06,2017,4,11,November,45,6,Monday,Weekday,2017-11
20171107,2017-11-07,2017,4,11,November,45,7,Tuesday,Weekday,2017-11
20171108,2017-11-08,2017,4,11,November,45,8,Wednesday,Weekday,2017-11
20171109,2017-11-09,2017,4,11,November,45,9,Thursday,Weekday,2017-11
20171110,2017-11-10,2017,4,11,November,45,10,Friday,Weekday,2017-11
20171111,2017-11-11,2017,4,11,November,45,11,Saturday,Weekend,2017-11
20171112,2017-11-12,2017,4,11,November,46,12,Sunday,Weekend,2017-11
20171113,2017-11-13,2017,4,11,November,46,13,Monday,Weekday,2017-11
20171114,2017-11-14,2017,4,11,November,46,14,Tuesday,Weekday,2017-11
20171115,2017-11-15,2017,4,11,November,46,15,Wednesday,Weekday,2017-11
20171116,2017-11-16,2017,4,11,November,46,16,Thursday,Weekday,2017-11
20171117,2017-11-17,2017,4,11,November,46,17,Friday,Weekday,2017-11
20171118,2017-11-18,2017,4,11,November,46,18,Saturday,Weekend,2017-11
20171119,2017-11-19,2017,4,11,November,47,19,Sunday,Weekend,2017-11
20171120,2017-11-20,2017,4,11,November,47,20,Monday,Weekday,2017-11
20171121,2017-11-21,2017,4,11,November,47,21,Tuesday,Weekday,2017-11
20171122,2017-11-22,2017,4,11,November,47,22,Wednesday,Weekday,2017-11
20171123,2017-11-23,2017,4,11,November,47,23,Thursday,Weekday,2017-11
20171124,2017-11-24,2017,4,11,November,47,24,Friday,Weekday,2017-11
20171125,2017-11-25,2017,4,11,November,47,25,Saturday,Weekend,2017-11
20171126,2017-11-26,2017,4,11,November,48,26,Sunday,Weekend,2017-11
20171127,2017-11-27,2017,4,11,November,48,27,Monday,Weekday,2017-11
20171128,2017-11-28,2017,4,11,November,48,28,Tuesday,Weekday,2017-11
20171129,2017-11-29,2017,4,11,November,48,29,Wednesday,Weekday,2017-11
20171130,2017-11-30,2017,4,11,November,48,30,Thursday,Weekday,2017-11
20171201,2017-12-01,2017,4,12,December,48,1,Friday,Weekday,2017-12
20171202,2017-12-02,2017,4,12,December,48,2,Saturday,Weekend,2017-12
20171203,2017-12-03,2017,4,12,December,49,3,Sunday,Weekend,2017-12
20171204,2017-12-04,2017,4,12,December,49,4,Monday,Weekday,2017-12
20171205,2017-12-05,2017,4,12,December,49,5,Tuesday,Weekday,2017-12
20171206,2017-12-06,2017,4,12,December,49,6,Wednesday,Weekday,2017-12
20171207,2017-12-07,2017,4,12,December,49,7,Thursday,Weekday,2017-12
20171208,2017-12-08,2017,4,12,December,49,8,Friday,Weekday,2017-12
20171209,2017-12-09,2017,4,12,December,49,9,Saturday,Weekend,2017-12
20171210,2017-12-10,2017,4,12,December,50,10,Sunday,Weekend,2017-12
20171211,2017-12-11,2017,4,12,December,50,11,Monday,Weekday,2017-12
20171212,2017-12-12,2017,4,12,December,50,12,Tuesday,Weekday,2017-12
20171213,2017-12-13,2017,4,12,December,50,13,Wednesday,Weekday,2017-12
20171214,2017-12-14,2017,4,12,December,50,14,Thursday,Weekday,2017-12
20171215,2017-12-15,2017,4,12,December,50,15,Friday,Weekday,2017-12
20171216,2017-12-16,2017,4,12,December,50,16,Saturday,Weekend,2017-12
20171217,2017-12-17,2017,4,12,December,51,17,Sunday,Weekend,2017-12
20171218,2017-12-18,2017,4,12,December,51,18,Monday,Weekday,2017-12
20171219,2017-12-19,2017,4,12,December,51,19,Tuesday,Weekday,2017-12
20171220,2017-12-20,2017,4,12,December,51,20,Wednesday,Weekday,2017-12
20171221,2017-12-21,2017,4,12,December,51,21,Thursday,Weekday,2017-12
20171222,2017-12-22,2017,4,12,December,51,22,Friday,Weekday,2017-12
20171223,2017-12-23,2017,4,12,December,51,23,Saturday,Weekend,2017-12
20171224,2017-12-24,2017,4,12,December,52,24,Sunday,Weekend,2017-12
20171225,2017-12-25,2017,4,12,December,52,25,Monday,Weekday,2017-12
20171226,2017-12-26,2017,4,12,December,52,26,Tuesday,Weekday,2017-12
20171227,2017-12-27,2017,4,12,December,52,27,Wednesday,Weekday,2017-12
20171228,2017-12-28,2017,4,12,December,52,28,Thursday,Weekday,2017-12
20171229,2017-12-29,2017,4,12,December,52,29,Friday,Weekday,2017-12
20171230,2017-12-30,2017,4,12,December,52,30,Saturday,Weekend,2017-12
20171231,2017-12-31,2017,4,12,December,53,31,Sunday,Weekend,2017-12
20180101,2018-01-01,2018,1,1,January,0,1,Monday,Weekday,2018-01
20180102,2018-01-02,2018,1,1,January,0,2,Tuesday,Weekday,2018-01
20180103,2018-01-03,2018,1,1,January,0,3,Wednesday,Weekday,2018-01
20180104,2018-01-04,2018,1,1,January,0,4,Thursday,Weekday,2018-01
20180105,2018-01-05,2018,1,1,January,0,5,Friday,Weekday,2018-01
20180106,2018-01-06,2018,1,1,January,0,6,Saturday,Weekend,2018-01
20180107,2018-01-07,2018,1,1,January,1,7,Sunday,Weekend,2018-01
20180108,2018-01-08,2018,1,1,January,1,8,Monday,Weekday,2018-01
20180109,2018-01-09,2018,1,1,January,1,9,Tuesday,Weekday,2018-01
20180110,2018-01-10,2018,1,1,January,1,10,Wednesday,Weekday,2018-01
20180111,2018-01-11,2018,1,1,January,1,11,Thursday,Weekday,2018-01
20180112,2018-01-12,2018,1,1,January,1,12,Friday,Weekday,2018-01
20180113,2018-01-13,2018,1,1,January,1,13,Saturday,Weekend,2018-01
20180114,2018-01-14,2018,1,1,January,2,14,Sunday,Weekend,2018-01
20180115,2018-01-15,2018,1,1,January,2,15,Monday,Weekday,2018-01
20180116,2018-01-16,2018,1,1,January,2,16,Tuesday,Weekday,2018-01
20180117,2018-01-17,2018,1,1,January,2,17,Wednesday,Weekday,2018-01
20180118,2018-01-18,2018,1,1,January,2,18,Thursday,Weekday,2018-01
20180119,2018-01-19,2018,1,1,January,2,19,Friday,Weekday,2018-01
20180120,2018-01-20,2018,1,1,January,2,20,Saturday,Weekend,2018-01
20180121,2018-01-21,2018,1,1,January,3,21,Sunday,Weekend,2018-01
20180122,2018-01-22,2018,1,1,January,3,22,Monday,Weekday,2018-01
20180123,2018-01-23,2018,1,1,January,3,23,Tuesday,Weekday,2018-01
20180124,2018-01-24,2018,1,1,January,3,24,Wednesday,Weekday,2018-01
20180125,2018-01-25,2018,1,1,January,3,25,Thursday,Weekday,2018-01
20180126,2018-01-26,2018,1,1,January,3,26,Friday,Weekday,2018-01
20180127,2018-01-27,2018,1,1,January,3,27,Saturday,Weekend,2018-01
20180128,2018-01-28,2018,1,1,January,4,28,Sunday,Weekend,2018-01
20180129,2018-01-29,2018,1,1,January,4,29,Monday,Weekday,2018-01
20180130,2018-01-30,2018,1,1,January,4,30,Tuesday,Weekday,2018-01
20180131,2018-01-31,2018,1,1,January,4,31,Wednesday,Weekday,2018-01
20180201,2018-02-01,2018,1,2,February,4,1,Thursday,Weekday,2018-02
20180202,2018-02-02,2018,1,2,February,4,2,Friday,Weekday,2018-02
20180203,2018-02-03,2018,1,2,February,4,3,Saturday,Weekend,2018-02
20180204,2018-02-04,2018,1,2,February,5,4,Sunday,Weekend,2018-02
20180205,2018-02-05,2018,1,2,February,5,5,Monday,Weekday,2018-02
20180206,2018-02-06,2018,1,2,February,5,6,Tuesday,Weekday,2018-02
20180207,2018-02-07,2018,1,2,February,5,7,Wednesday,Weekday,2018-02
20180208,2018-02-08,2018,1,2,February,5,8,Thursday,Weekday,2018-02
20180209,2018-02-09,2018,1,2,February,5,9,Friday,Weekday,2018-02
20180210,2018-02-10,2018,1,2,February,5,10,Saturday,Weekend,2018-02
20180211,2018-02-11,2018,1,2,February,6,11,Sunday,Weekend,2018-02
20180212,2018-02-12,2018,1,2,February,6,12,Monday,Weekday,2018-02
20180213,2018-02-13,2018,1,2,February,6,13,Tuesday,Weekday,2018-02
20180214,2018-02-14,2018,1,2,February,6,14,Wednesday,Weekday,2018-02
20180215,2018-02-15,2018,1,2,February,6,15,Thursday,Weekday,2018-02
20180216,2018-02-16,2018,1,2,February,6,16,Friday,Weekday,2018-02
20180217,2018-02-17,2018,1,2,February,6,17,Saturday,Weekend,2018-02
20180218,2018-02-18,2018,1,2,February,7,18,Sunday,Weekend,2018-02
20180219,2018-02-19,2018,1,2,February,7,19,Monday,Weekday,2018-02
20180220,2018-02-20,2018,1,2,February,7,20,Tuesday,Weekday,2018-02
20180221,2018-02-21,2018,1,2,February,7,21,Wednesday,Weekday,2018-02
20180222,2018-02-22,2018,1,2,February,7,22,Thursday,Weekday,2018-02
20180223,2018-02-23,2018,1,2,February,7,23,Friday,Weekday,2018-02
20180224,2018-02-24,2018,1,2,February,7,24,Saturday,Weekend,2018-02
20180225,2018-02-25,2018,1,2,February,8,25,Sunday,Weekend,2018-02
20180226,2018-02-26,2018,1,2,February,8,26,Monday,Weekday,2018-02
20180227,2018-02-27,2018,1,2,February,8,27,Tuesday,Weekday,2018-02
20180228,2018-02-28,2018,1,2,February,8,28,Wednesday,Weekday,2018-02
20180301,2018-03-01,2018,1,3,March,8,1,Thursday,Weekday,2018-03
20180302,2018-03-02,2018,1,3,March,8,2,Friday,Weekday,2018-03
20180303,2018-03-03,2018,1,3,March,8,3,Saturday,Weekend,2018-03
20180304,2018-03-04,2018,1,3,March,9,4,Sunday,Weekend,2018-03
20180305,2018-03-05,2018,1,3,March,9,5,Monday,Weekday,2018-03
20180306,2018-03-06,2018,1,3,March,9,6,Tuesday,Weekday,2018-03
20180307,2018-03-07,2018,1,3,March,9,7,Wednesday,Weekday,2018-03
20180308,2018-03-08,2018,1,3,March,9,8,Thursday,Weekday,2018-03
20180309,2018-03-09,2018,1,3,March,9,9,Friday,Weekday,2018-03
20180310,2018-03-10,2018,1,3,March,9,10,Saturday,Weekend,2018-03
20180311,2018-03-11,2018,1,3,March,10,11,Sunday,Weekend,2018-03
20180312,2018-03-12,2018,1,3,March,10,12,Monday,Weekday,2018-03
20180313,2018-03-13,2018,1,3,March,10,13,Tuesday,Weekday,2018-03
20180314,2018-03-14,2018,1,3,March,10,14,Wednesday,Weekday,2018-03
20180315,2018-03-15,2018,1,3,March,10,15,Thursday,Weekday,2018-03
20180316,2018-03-16,2018,1,3,March,10,16,Friday,Weekday,2018-03
20180317,2018-03-17,2018,1,3,March,10,17,Saturday,Weekend,2018-03
20180318,2018-03-18,2018,1,3,March,11,18,Sunday,Weekend,2018-03
20180319,2018-03-19,2018,1,3,March,11,19,Monday,Weekday,2018-03
20180320,2018-03-20,2018,1,3,March,11,20,Tuesday,Weekday,2018-03
20180321,2018-03-21,2018,1,3,March,11,21,Wednesday,Weekday,2018-03
20180322,2018-03-22,2018,1,3,March,11,22,Thursday,Weekday,2018-03
20180323,2018-03-23,2018,1,3,March,11,23,Friday,Weekday,2018-03
20180324,2018-03-24,2018,1,3,March,11,24,Saturday,Weekend,2018-03
20180325,2018-03-25,2018,1,3,March,12,25,Sunday,Weekend,2018-03
20180326,2018-03-26,2018,1,3,March,12,26,Monday,Weekday,2018-03
20180327,2018-03-27,2018,1,3,March,12,27,Tuesday,Weekday,2018-03
20180328,2018-03-28,2018,1,3,March,12,28,Wednesday,Weekday,2018-03
20180329,2018-03-29,2018,1,3,March,12,29,Thursday,Weekday,2018-03
20180330,2018-03-30,2018,1,3,March,12,30,Friday,Weekday,2018-03
20180331,2018-03-31,2018,1,3,March,12,31,Saturday,Weekend,2018-03
20180401,2018-04-01,2018,2,4,April,13,1,Sunday,Weekend,2018-04
20180402,2018-04-02,2018,2,4,April,13,2,Monday,Weekday,2018-04
20180403,2018-04-03,2018,2,4,April,13,3,Tuesday,Weekday,2018-04
20180404,2018-04-04,2018,2,4,April,13,4,Wednesday,Weekday,2018-04
20180405,2018-04-05,2018,2,4,April,13,5,Thursday,Weekday,2018-04
20180406,2018-04-06,2018,2,4,April,13,6,Friday,Weekday,2018-04
20180407,2018-04-07,2018,2,4,April,13,7,Saturday,Weekend,2018-04
20180408,2018-04-08,2018,2,4,April,14,8,Sunday,Weekend,2018-04
20180409,2018-04-09,2018,2,4,April,14,9,Monday,Weekday,2018-04
20180410,2018-04-10,2018,2,4,April,14,10,Tuesday,Weekday,2018-04
20180411,2018-04-11,2018,2,4,April,14,11,Wednesday,Weekday,2018-04
20180412,2018-04-12,2018,2,4,April,14,12,Thursday,Weekday,2018-04
20180413,2018-04-13,2018,2,4,April,14,13,Friday,Weekday,2018-04
20180414,2018-04-14,2018,2,4,April,14,14,Saturday,Weekend,2018-04
20180415,2018-04-15,2018,2,4,April,15,15,Sunday,Weekend,2018-04
20180416,2018-04-16,2018,2,4,April,15,16,Monday,Weekday,2018-04
20180417,2018-04-17,2018,2,4,April,15,17,Tuesday,Weekday,2018-04
20180418,2018-04-18,2018,2,4,April,15,18,Wednesday,Weekday,2018-04
20180419,2018-04-19,2018,2,4,April,15,19,Thursday,Weekday,2018-04
20180420,2018-04-20,2018,2,4,April,15,20,Friday,Weekday,2018-04
20180421,2018-04-21,2018,2,4,April,15,21,Saturday,Weekend,2018-04
20180422,2018-04-22,2018,2,4,April,16,22,Sunday,Weekend,2018-04
20180423,2018-04-23,2018,2,4,April,16,23,Monday,Weekday,2018-04
20180424,2018-04-24,2018,2,4,April,16,24,Tuesday,Weekday,2018-04
20180425,2018-04-25,2018,2,4,April,16,25,Wednesday,Weekday,2018-04
20180426,2018-04-26,2018,2,4,April,16,26,Thursday,Weekday,2018-04
20180427,2018-04-27,2018,2,4,April,16,27,Friday,Weekday,2018-04
20180428,2018-04-28,2018,2,4,April,16,28,Saturday,Weekend,2018-04
20180429,2018-04-29,2018,2,4,April,17,29,Sunday,Weekend,2018-04
20180430,2018-04-30,2018,2,4,April,17,30,Monday,Weekday,2018-04
20180501,2018-05-01,2018,2,5,May,17,1,Tuesday,Weekday,2018-05
20180502,2018-05-02,2018,2,5,May,17,2,Wednesday,Weekday,2018-05
20180503,2018-05-03,2018,2,5,May,17,3,Thursday,Weekday,2018-05
20180504,2018-05-04,2018,2,5,May,17,4,Friday,Weekday,2018-05
20180505,2018-05-05,2018,2,5,May,17,5,Saturday,Weekend,2018-05
20180506,2018-05-06,2018,2,5,May,18,6,Sunday,Weekend,2018-05
20180507,2018-05-07,2018,2,5,May,18,7,Monday,Weekday,2018-05
20180508,2018-05-08,2018,2,5,May,18,8,Tuesday,Weekday,2018-05
20180509,2018-05-09,2018,2,5,May,18,9,Wednesday,Weekday,2018-05
20180510,2018-05-10,2018,2,5,May,18,10,Thursday,Weekday,2018-05
20180511,2018-05-11,2018,2,5,May,18,11,Friday,Weekday,2018-05
20180512,2018-05-12,2018,2,5,May,18,12,Saturday,Weekend,2018-05
20180513,2018-05-13,2018,2,5,May,19,13,Sunday,Weekend,2018-05
20180514,2018-05-14,2018,2,5,May,19,14,Monday,Weekday,2018-05
20180515,2018-05-15,2018,2,5,May,19,15,Tuesday,Weekday,2018-05
20180516,2018-05-16,2018,2,5,May,19,16,Wednesday,Weekday,2018-05
20180517,2018-05-17,2018,2,5,May,19,17,Thursday,Weekday,2018-05
20180518,2018-05-18,2018,2,5,May,19,18,Friday,Weekday,2018-05
20180519,2018-05-19,2018,2,5,May,19,19,Saturday,Weekend,2018-05
20180520,2018-05-20,2018,2,5,May,20,20,Sunday,Weekend,2018-05
20180521,2018-05-21,2018,2,5,May,20,21,Monday,Weekday,2018-05
20180522,2018-05-22,2018,2,5,May,20,22,Tuesday,Weekday,2018-05
20180523,2018-05-23,2018,2,5,May,20,23,Wednesday,Weekday,2018-05
20180524,2018-05-24,2018,2,5,May,20,24,Thursday,Weekday,2018-05
20180525,2018-05-25,2018,2,5,May,20,25,Friday,Weekday,2018-05
20180526,2018-05-26,2018,2,5,May,20,26,Saturday,Weekend,2018-05
20180527,2018-05-27,2018,2,5,May,21,27,Sunday,Weekend,2018-05
20180528,2018-05-28,2018,2,5,May,21,28,Monday,Weekday,2018-05
20180529,2018-05-29,2018,2,5,May,21,29,Tuesday,Weekday,2018-05
20180530,2018-05-30,2018,2,5,May,21,30,Wednesday,Weekday,2018-05
20180531,2018-05-31,2018,2,5,May,21,31,Thursday,Weekday,2018-05
20180601,2018-06-01,2018,2,6,June,21,1,Friday,Weekday,2018-06
20180602,2018-06-02,2018,2,6,June,21,2,Saturday,Weekend,2018-06
20180603,2018-06-03,2018,2,6,June,22,3,Sunday,Weekend,2018-06
20180604,2018-06-04,2018,2,6,June,22,4,Monday,Weekday,2018-06
20180605,2018-06-05,2018,2,6,June,22,5,Tuesday,Weekday,2018-06
20180606,2018-06-06,2018,2,6,June,22,6,Wednesday,Weekday,2018-06
20180607,2018-06-07,2018,2,6,June,22,7,Thursday,Weekday,2018-06
20180608,2018-06-08,2018,2,6,June,22,8,Friday,Weekday,2018-06
20180609,2018-06-09,2018,2,6,June,22,9,Saturday,Weekend,2018-06
20180610,2018-06-10,2018,2,6,June,23,10,Sunday,Weekend,2018-06
20180611,2018-06-11,2018,2,6,June,23,11,Monday,Weekday,2018-06
20180612,2018-06-12,2018,2,6,June,23,12,Tuesday,Weekday,2018-06
20180613,2018-06-13,2018,2,6,June,23,13,Wednesday,Weekday,2018-06
20180614,2018-06-14,2018,2,6,June,23,14,Thursday,Weekday,2018-06
20180615,2018-06-15,2018,2,6,June,23,15,Friday,Weekday,2018-06
20180616,2018-06-16,2018,2,6,June,23,16,Saturday,Weekend,2018-06
20180617,2018-06-17,2018,2,6,June,24,17,Sunday,Weekend,2018-06
20180618,2018-06-18,2018,2,6,June,24,18,Monday,Weekday,2018-06
20180619,2018-06-19,2018,2,6,June,24,19,Tuesday,Weekday,2018-06
20180620,2018-06-20,2018,2,6,June,24,20,Wednesday,Weekday,2018-06
20180621,2018-06-21,2018,2,6,June,24,21,Thursday,Weekday,2018-06
20180622,2018-06-22,2018,2,6,June,24,22,Friday,Weekday,2018-06
20180623,2018-06-23,2018,2,6,June,24,23,Saturday,Weekend,2018-06
20180624,2018-06-24,2018,2,6,June,25,24,Sunday,Weekend,2018-06
20180625,2018-06-25,2018,2,6,June,25,25,Monday,Weekday,2018-06
20180626,2018-06-26,2018,2,6,June,25,26,Tuesday,Weekday,2018-06
20180627,2018-06-27,2018,2,6,June,25,27,Wednesday,Weekday,2018-06
20180628,2018-06-28,2018,2,6,June,25,28,Thursday,Weekday,2018-06
20180629,2018-06-29,2018,2,6,June,25,29,Friday,Weekday,2018-06
20180630,2018-06-30,2018,2,6,June,25,30,Saturday,Weekend,2018-06
20180701,2018-07-01,2018,3,7,July,26,1,Sunday,Weekend,2018-07
20180702,2018-07-02,2018,3,7,July,26,2,Monday,Weekday,2018-07
20180703,2018-07-03,2018,3,7,July,26,3,Tuesday,Weekday,2018-07
20180704,2018-07-04,2018,3,7,July,26,4,Wednesday,Weekday,2018-07
20180705,2018-07-05,2018,3,7,July,26,5,Thursday,Weekday,2018-07
20180706,2018-07-06,2018,3,7,July,26,6,Friday,Weekday,2018-07
20180707,2018-07-07,2018,3,7,July,26,7,Saturday,Weekend,2018-07
20180708,2018-07-08,2018,3,7,July,27,8,Sunday,Weekend,2018-07
20180709,2018-07-09,2018,3,7,July,27,9,Monday,Weekday,2018-07
20180710,2018-07-10,2018,3,7,July,27,10,Tuesday,Weekday,2018-07
20180711,2018-07-11,2018,3,7,July,27,11,Wednesday,Weekday,2018-07
20180712,2018-07-12,2018,3,7,July,27,12,Thursday,Weekday,2018-07
20180713,2018-07-13,2018,3,7,July,27,13,Friday,Weekday,2018-07
20180714,2018-07-14,2018,3,7,July,27,14,Saturday,Weekend,2018-07
20180715,2018-07-15,2018,3,7,July,28,15,Sunday,Weekend,2018-07
20180716,2018-07-16,2018,3,7,July,28,16,Monday,Weekday,2018-07
20180717,2018-07-17,2018,3,7,July,28,17,Tuesday,Weekday,2018-07
20180718,2018-07-18,2018,3,7,July,28,18,Wednesday,Weekday,2018-07
20180719,2018-07-19,2018,3,7,July,28,19,Thursday,Weekday,2018-07
20180720,2018-07-20,2018,3,7,July,28,20,Friday,Weekday,2018-07
20180721,2018-07-21,2018,3,7,July,28,21,Saturday,Weekend,2018-07
20180722,2018-07-22,2018,3,7,July,29,22,Sunday,Weekend,2018-07
20180723,2018-07-23,2018,3,7,July,29,23,Monday,Weekday,2018-07
20180724,2018-07-24,2018,3,7,July,29,24,Tuesday,Weekday,2018-07
20180725,2018-07-25,2018,3,7,July,29,25,Wednesday,Weekday,2018-07
20180726,2018-07-26,2018,3,7,July,29,26,Thursday,Weekday,2018-07
20180727,2018-07-27,2018,3,7,July,29,27,Friday,Weekday,2018-07
20180728,2018-07-28,2018,3,7,July,29,28,Saturday,Weekend,2018-07
20180729,2018-07-29,2018,3,7,July,30,29,Sunday,Weekend,2018-07
20180730,2018-07-30,2018,3,7,July,30,30,Monday,Weekday,2018-07
20180731,2018-07-31,2018,3,7,July,30,31,Tuesday,Weekday,2018-07
20180801,2018-08-01,2018,3,8,August,30,1,Wednesday,Weekday,2018-08
20180802,2018-08-02,2018,3,8,August,30,2,Thursday,Weekday,2018-08
20180803,2018-08-03,2018,3,8,August,30,3,Friday,Weekday,2018-08
20180804,2018-08-04,2018,3,8,August,30,4,Saturday,Weekend,2018-08
20180805,2018-08-05,2018,3,8,August,31,5,Sunday,Weekend,2018-08
20180806,2018-08-06,2018,3,8,August,31,6,Monday,Weekday,2018-08
20180807,2018-08-07,2018,3,8,August,31,7,Tuesday,Weekday,2018-08
20180808,2018-08-08,2018,3,8,August,31,8,Wednesday,Weekday,2018-08
20180809,2018-08-09,2018,3,8,August,31,9,Thursday,Weekday,2018-08
20180810,2018-08-10,2018,3,8,August,31,10,Friday,Weekday,2018-08
20180811,2018-08-11,2018,3,8,August,31,11,Saturday,Weekend,2018-08
20180812,2018-08-12,2018,3,8,August,32,12,Sunday,Weekend,2018-08
20180813,2018-08-13,2018,3,8,August,32,13,Monday,Weekday,2018-08
20180814,2018-08-14,2018,3,8,August,32,14,Tuesday,Weekday,2018-08
20180815,2018-08-15,2018,3,8,August,32,15,Wednesday,Weekday,2018-08
20180816,2018-08-16,2018,3,8,August,32,16,Thursday,Weekday,2018-08
20180817,2018-08-17,2018,3,8,August,32,17,Friday,Weekday,2018-08
20180818,2018-08-18,2018,3,8,August,32,18,Saturday,Weekend,2018-08
20180819,2018-08-19,2018,3,8,August,33,19,Sunday,Weekend,2018-08
20180820,2018-08-20,2018,3,8,August,33,20,Monday,Weekday,2018-08
20180821,2018-08-21,2018,3,8,August,33,21,Tuesday,Weekday,2018-08
20180822,2018-08-22,2018,3,8,August,33,22,Wednesday,Weekday,2018-08
20180823,2018-08-23,2018,3,8,August,33,23,Thursday,Weekday,2018-08
20180824,2018-08-24,2018,3,8,August,33,24,Friday,Weekday,2018-08
20180825,2018-08-25,2018,3,8,August,33,25,Saturday,Weekend,2018-08
20180826,2018-08-26,2018,3,8,August,34,26,Sunday,Weekend,2018-08
20180827,2018-08-27,2018,3,8,August,34,27,Monday,Weekday,2018-08
20180828,2018-08-28,2018,3,8,August,34,28,Tuesday,Weekday,2018-08
20180829,2018-08-29,2018,3,8,August,34,29,Wednesday,Weekday,2018-08
20180903,2018-09-03,2018,3,9,September,35,3,Monday,Weekday,2018-09
